{
    "feature_names": [
        "std",
        "rms",
        "zcr",
        "kurtosis",
        "skewness",
        "spectral_entropy",
        "power_baseline",
        "power_noise",
        "power_qrs",
        "autocorr_max"
    ],
    "scaler_mean": [
        0.13491389126738987,
        0.32250835526298205,
        0.1427992578849721,
        15.063335076302236,
        2.7294578136967007,
        3.2711304094577636,
        0.06653967916017697,
        0.13010804434899065,
        0.2913596945715631,
        0.4668368859854849
    ],
    "scaler_scale": [
        0.03407775920956001,
        0.16887689389137567,
        0.08842389220046631,
        13.430975692776832,
        2.1185925926893927,
        0.8101501780564768,
        0.08925523141398596,
        0.03271154704758762,
        0.1803266364042531,
        0.22858445414156858
    ],
    "coefficients": [
        0.9726366662482353,
        -0.8571500904900999,
        -0.8609856123012977,
        -0.28937268449331727,
        0.4230306344459525,
        0.44208769918723856,
        -1.11085477827506,
        -1.0105585836161068,
        1.1369458853264482,
        0.18303982865269333
    ],
    "intercept": -1.743634546850207
}